序号,器件,建议型号/规格,数量,用途,备注
1,主控板,STM32F103C8T6 Blue Pill,1,控制与协议解析,3.3 V 逻辑
2,RS485 收发模块,MAX3485 3.3 V 模块,1,TTL 与 RS485 电平转换,不要使用 5 V MAX485 模块直接连接 STM32
3,USB-TTL 模块,CP2102/CH340 3.3 V 电平,1,查看 USART1 调试输出,TX/RX 交叉连接
4,下载器,ST-LINK V2,1,SWD 下载与调试,连接 SWDIO/SWCLK/GND/3.3 V
5,Modbus 从站,支持功能码 0x04 的三相电表或模拟器,1,输入寄存器数据源,默认地址 1、9600 8N1
6,终端电阻,120 ohm 1/4 W,1-2,长线末端阻抗匹配,短距离台架可先不接
7,偏置电阻,680 ohm 1/4 W,2,总线空闲偏置,仅在现有总线未提供偏置时安装
8,杜邦线/双绞线,适配 2.54 mm 排针及 RS485 接线端子,若干,供电与通信连接,RS485 A/B 建议使用双绞线；先断电接线
9,隔离电源模块,5 V 转 5 V 隔离（可选）,1,复杂现场地电位隔离,教学台架可暂不装
